abn,name,category,sources,state,postcode,age_years,gst_registered,is_current_entity,acn,main_trading_name,phone,email,business_url,found_at_url
40009668553,Australian Institute of Management Education and Training Pty Ltd,Education/Training,RTO,NSW,2000,26,true,false,"","","","","",https://training.gov.au/organisation/details/0049
13069240471,Australian Foundry Institute Victorian Division Incorporated,Manufacturing,AMTIL,VIC,3012,26,true,false,"","","","","",https://amtil.com.au/directory/
99086048562,BAI Communications,Manufacturing,AMTIL,NSW,2060,26,true,false,"","","","","",https://amtil.com.au/directory/
14006338067,Bomac Engineering Pty Ltd,Manufacturing,AMTIL,VIC,3803,26,true,false,"","","","","",https://amtil.com.au/directory/
79088983135,Gravotech Australia,Manufacturing,AMTIL,NSW,2145,26,true,false,"","","","","",https://amtil.com.au/directory/
43008648771,Iscar Australia Pty Ltd,Manufacturing,AMTIL,NSW,2153,26,true,false,"","","","","",https://amtil.com.au/directory/
78003032151,Lastek Pty Ltd,Manufacturing,AMTIL,SA,5031,26,true,false,"","","","","",https://amtil.com.au/directory/
15006568501,Metal Industries Insurance Brokers,Manufacturing,AMTIL,VIC,3805,26,true,false,"","","","","",https://amtil.com.au/directory/
12414244204,MTI Qualos Pty Ltd,Manufacturing,AMTIL,VIC,3081,26,true,false,"","","","","",https://amtil.com.au/directory/
49781030034,RMIT University,Manufacturing,"AMTIL,NorthLink-FoodSvc",VIC,3000,26,true,true,"",ROYAL MELBOURNE INSTITUTE OF TECHNOLOGY,"","",https://www.rmit.edu.au/,https://amtil.com.au/directory/
51005337057,Scan-Xpress Pty Ltd,Manufacturing,AMTIL,VIC,3056,26,true,false,"","","","","",https://amtil.com.au/directory/
13628586699,Swinburne University of Technology VIC Hawthorn,Manufacturing,"AMTIL,NorthLink-MfgPartner",VIC,3122,26,true,true,"",SWINBURNE UNIVERSITY OF TECHNOLOGY,"","",https://www.swinburne.edu.au,https://amtil.com.au/directory/
25067428344,Taylor Machinery Co,Manufacturing,AMTIL,VIC,2060,26,true,false,"","","","","",https://amtil.com.au/directory/
21003578434,Tesuco Pty Ltd,Manufacturing,AMTIL,NSW,2128,26,true,false,"","","","","",https://amtil.com.au/directory/
53014069881,"Western Sydney University, Launch Pad",Manufacturing,AMTIL,NSW,2753,26,true,false,"","","","","",https://amtil.com.au/directory/
43641224109,Glendal Food Co.,Manufacturing,NorthLink-FoodMfg,VIC,3056,26,true,false,"","","","","",https://northlink.org.au/melbournes-north-food-group/manufacturer-directory/
73089101271,Advanced Business Manager,Service Provider,NorthLink-FoodSvc,VIC,3032,26,true,false,"","","","","",https://northlink.org.au/melbournes-north-food-group/service-provider-directory/
72004108365,Labelhouse,Service Provider,NorthLink-FoodSvc,NSW,2049,26,true,false,"","","","","",https://northlink.org.au/melbournes-north-food-group/service-provider-directory/
64804735113,La Trobe University,Service Provider,NorthLink-FoodSvc,VIC,3083,26,true,false,"","","","","",https://northlink.org.au/melbournes-north-food-group/service-provider-directory/
62000768776,Linde Material Handling,Service Provider,NorthLink-FoodSvc,NSW,2148,26,true,false,"","","","","",https://northlink.org.au/melbournes-north-food-group/service-provider-directory/
32090665277,ReWaste - Organics Recycling Service,Service Provider,NorthLink-FoodSvc,NSW,2032,26,true,false,"","","","","",https://northlink.org.au/melbournes-north-food-group/service-provider-directory/
86705229811,Stows Waste Management,Service Provider,NorthLink-FoodSvc,VIC,3061,26,true,false,"","","","","",https://northlink.org.au/melbournes-north-food-group/service-provider-directory/
75062168234,Zynet,Manufacturing,NorthLink-MfgPartner,VIC,3043,26,true,false,"","","","","",https://northlink.org.au/melbournes-north-advanced-manufacturing-group/partner-directory/
51403781986,AUTOMATION APPLICATIONS,"",ABR-Search,NSW,2153,26,true,false,"","","","","",""
92089018806,AUTOMATION DESIGN PTY LTD,"",ABR-Search,NSW,2681,26,true,false,"","","","","",""
99076010583,Embedded Network Manager,"",ABR-Search,VIC,3149,26,true,false,"","","","","",""
79500967084,Embedded Systems Design,"",ABR-Search,VIC,3523,26,true,false,"","","","","",""
33089992647,REAL TIME & EMBEDDED SYSTEMS PTY LTD,"",ABR-Search,VIC,3931,26,true,false,"","","","","",""
75913771389,PLATFORM ARTS INC,"",ABR-Search,VIC,3220,26,true,false,"","","","","",""
17088259910,Benson Machines Pty Ltd,Manufacturing,AMTIL,NSW,2144,26,true,false,"","","","","",https://amtil.com.au/directory/
89008171855,Dixon Industries Pty Ltd,Manufacturing,AMTIL,SA,5014,26,true,false,"","","","","",https://amtil.com.au/directory/
28050198895,KAESER Compressors Australia Pty Ltd,Manufacturing,AMTIL,VIC,3175,26,true,false,"","","","","",https://amtil.com.au/directory/
15091031677,Cop-A-MATE Products Pty Ltd,Manufacturing,"AMTIL,NorthLink-MfgPartner",VIC,3061,26,true,true,091031677,COP-A-MATE PRODUCTS PTY LTD,"","",https://copamate.com/,https://amtil.com.au/directory/
22002072184,RAINBOW MODELLING CLAY,"",ABR-Search,NSW,2120,26,true,false,"","","","","",""
97002901135,AUTOMATION TECHNOLOGIES PTY. LTD.,"",ABR-Search,NSW,2097,26,true,false,"","","","","",""
11005434024,Fantech Pty Ltd,Manufacturing,AMTIL,VIC,3175,26,true,false,"","","","","",https://amtil.com.au/directory/
45051533398,Radius Benders Pty Ltd,Manufacturing,AMTIL,NSW,4122,26,true,false,"","","","","",https://amtil.com.au/directory/
61066861943,Novasys Group Pty Ltd,Manufacturing,AMTIL,VIC,3153,26,true,false,"","","","","",https://amtil.com.au/directory/
87058229495,ECI Software Solutions,Manufacturing,AMTIL,VIC,3123,26,true,false,"","","","","",https://amtil.com.au/directory/
96004338961,Headland Technology,Manufacturing,AMTIL,VIC,3125,26,true,false,"","","","","",https://amtil.com.au/directory/
29006111691,Independent Software Advisors,Service Provider,NorthLink-FoodSvc,VIC,3106,26,true,false,"","","","","",https://northlink.org.au/melbournes-north-food-group/service-provider-directory/
53088212686,Value Heat Treatment,Manufacturing,AMTIL,VIC,4108,26,true,false,"","","","","",https://amtil.com.au/directory/
46089353524,Protube Engineering Pty Ltd,Manufacturing,AMTIL,SA,5067,26,true,false,"","","","","",https://amtil.com.au/directory/
92091253137,FUTURE PLATFORM PTY LIMITED,"",ABR-Search,NSW,2095,26,true,false,"","","","","",""
80003538172,DINNA MATHEMATICAL MODELLING PTY. LIMITED,"",ABR-Search,NSW,2022,26,true,false,"","","","","",""
35001355899,Fanuc Oceania Pty Ltd,Manufacturing,AMTIL,NSW,2148,26,true,false,"","","","","",https://amtil.com.au/directory/
97057888552,Outerspace Design Group,Manufacturing,NorthLink-MfgPartner,VIC,3067,26,true,false,"","","","","",https://northlink.org.au/melbournes-north-advanced-manufacturing-group/partner-directory/
74000014175,Quaker Houghton Australia Pty Ltd,Manufacturing,AMTIL,VIC,3189,26,true,false,"","","","","",https://amtil.com.au/directory/
62000020100,Harrington Industries Pty Ltd,Manufacturing,AMTIL,NSW,2211,26,true,false,"","","","","",https://amtil.com.au/directory/
96000286957,Hare & Forbes Machineryhouse,Manufacturing,AMTIL,NSW,2152,26,true,false,"","","","","",https://amtil.com.au/directory/
73065365031,Food Process Engineering,Service Provider,NorthLink-FoodSvc,VIC,3095,26,true,false,"","","","","",https://northlink.org.au/melbournes-north-food-group/service-provider-directory/
59081618055,Bottcher Australia,Manufacturing,AMTIL,NSW,2164,26,true,false,"","","","","",https://amtil.com.au/directory/
25004607514,Delahenty Machinery Pty Ltd,Manufacturing,AMTIL,VIC,3180,26,true,false,"","","","","",https://amtil.com.au/directory/
79003244942,Machine Technology,Manufacturing,AMTIL,NSW,2217,25,true,false,"","","","","",https://amtil.com.au/directory/
17000834999,Kennametal Australia Pty Ltd,Manufacturing,AMTIL,VIC,4129,25,true,false,"","","","","",https://amtil.com.au/directory/
65005953168,Flavour Makers,Manufacturing,AMTIL,VIC,3195,25,true,false,"","","","","",https://amtil.com.au/directory/
64056356677,Camco Cutting Tools International Pty Ltd,Manufacturing,AMTIL,VIC,3043,25,true,false,"","","","","",https://amtil.com.au/directory/
67005573660,Barker Trailers,Manufacturing,NorthLink-MfgPartner,VIC,3442,25,true,false,"","","","","",https://northlink.org.au/melbournes-north-advanced-manufacturing-group/partner-directory/
32060673396,3D Systems Asia-Pacific Pty Ltd,Manufacturing,AMTIL,NSW,3153,25,true,false,"","","","","",https://amtil.com.au/directory/
14006135940,Ajay Engineering Co.,Manufacturing,AMTIL,VIC,3175,25,true,false,"","","","","",https://amtil.com.au/directory/
79004510972,Ronson Gears Pty Ltd,Manufacturing,AMTIL,VIC,3190,25,true,false,"","","","","",https://amtil.com.au/directory/
94007441689,Waddell Engineering,Manufacturing,AMTIL,VIC,3190,25,true,false,"","","","","",https://amtil.com.au/directory/
71064692360,AUTOMATION BY DESIGN,"",ABR-Search,VIC,3180,25,true,false,"","","","","",""
46003154452,PLATFORM G,"",ABR-Search,NSW,2022,25,true,false,"","","","","",""
18000008211,Okuma Australia Pty Ltd,Manufacturing,AMTIL,VIC,3178,25,true,false,"","","","","",https://amtil.com.au/directory/
66006029296,CNC Design Pty Ltd,Manufacturing,AMTIL,VIC,3131,25,true,false,"","","","","",https://amtil.com.au/directory/
47001145651,SEI Carbide Australia Pty Ltd,Manufacturing,AMTIL,NSW,2750,25,true,false,"","","","","",https://amtil.com.au/directory/
83089091298,TLV Pty Ltd,Manufacturing,AMTIL,VIC,3131,25,true,false,"","","","","",https://amtil.com.au/directory/
59006590174,Amiga Engineering Pty Ltd,Manufacturing,"AMTIL,NorthLink-MfgPartner",VIC,3043,25,true,true,006590174,AMIGA ENGINEERING PTY. LTD.,"","",https://amigaeng.com.au/,https://amtil.com.au/directory/
50004436711,Hardman Bros Pty Ltd,Manufacturing,AMTIL,VIC,3172,25,true,false,"","","","","",https://amtil.com.au/directory/
50006867607,Exquisine,Manufacturing,NorthLink-FoodMfg,VIC,3071,25,true,false,"","","","","",https://northlink.org.au/melbournes-north-food-group/manufacturer-directory/
20004703002,FL Smidth Abon Pty Ltd,Manufacturing,AMTIL,VIC,4008,25,true,false,"","","","","",https://amtil.com.au/directory/
66004442442,Moss Products Pty Ltd,Manufacturing,AMTIL,VIC,3175,25,true,false,"","","","","",https://amtil.com.au/directory/
39002367106,Superior Saws Pty Ltd,Manufacturing,AMTIL,NSW,2164,25,true,false,"","","","","",https://amtil.com.au/directory/
48007314632,ABSS,Manufacturing,AMTIL,VIC,3033,25,true,false,"","","","","",https://amtil.com.au/directory/
12004175731,Sutton Tools,Manufacturing,AMTIL,VIC,3074,25,true,false,"","","","","",https://amtil.com.au/directory/
14083762387,Amada Oceania Pty Ltd,Manufacturing,AMTIL,NSW,2153,25,true,false,"","","","","",https://amtil.com.au/directory/
65009205243,SIMULATION MODELLING SERVICES PTY. LTD.,"",ABR-Search,NSW,2302,25,true,false,"","","","","",""
13007020439,Camplex Pty Ltd,Manufacturing,AMTIL,VIC,3121,25,true,false,"","","","","",https://amtil.com.au/directory/
58003931744,Fantid Pty Ltd (Hasmot),Manufacturing,AMTIL,NSW,2481,25,true,false,"","","","","",https://amtil.com.au/directory/
40005377588,SYSTOM PTY. LIMITED,"",ABR-Search,VIC,3444,25,true,false,"","","","","",""
74053177898,Consep Pty Ltd,Manufacturing,AMTIL,NSW,2164,25,true,false,"","","","","",https://amtil.com.au/directory/
79006171035,Infinitev,Manufacturing,AMTIL,VIC,3173,25,true,true,006171035,INNOVATIVE MECHATRONICS GROUP PTY LTD,"","","",https://amtil.com.au/directory/
63004939860,MFB Products Pty Ltd,Manufacturing,AMTIL,VIC,3180,25,true,false,"","","","","",https://amtil.com.au/directory/
34004320361,Maton Guitars Pty Ltd,Manufacturing,AMTIL,VIC,3128,25,true,false,"","","","","",https://amtil.com.au/directory/
14003491727,4CONTROL AUTOMATION,"",ABR-Search,NSW,2333,25,true,false,"","","","","",""
38073980999,Colterlec,Manufacturing,AMTIL,NSW,2304,25,true,false,"","","","","",https://amtil.com.au/directory/
28003337442,Seco Tools Australia Pty Ltd,Manufacturing,AMTIL,NSW,2148,25,true,false,"","","","","",https://amtil.com.au/directory/
58001215792,Mitsubishi Electric Australia Pty Ltd,Manufacturing,AMTIL,NSW,2116,25,true,false,"","","","","",https://amtil.com.au/directory/
40003587488,Cammthane Pty Ltd,Manufacturing,AMTIL,NSW,2527,25,true,false,"","","","","",https://amtil.com.au/directory/
58209574933,Adelaide Training and Employment Centre Inc,Education/Training,RTO,SA,5013,25,true,false,"","","","","",https://training.gov.au/organisation/details/0022
94005178549,Baron Rubber,Manufacturing,AMTIL,VIC,3047,25,true,false,"","","","","",https://amtil.com.au/directory/
79069417563,Emona Instruments Pty Ltd,Manufacturing,AMTIL,VIC,2050,25,true,false,"","","","","",https://amtil.com.au/directory/
38000289958,Hobson Engineering Co Pty Ltd,Manufacturing,AMTIL,NSW,2766,25,true,false,"","","","","",https://amtil.com.au/directory/
76081598772,Robotic Automation,Manufacturing,AMTIL,NSW,2761,25,true,false,"","","","","",https://amtil.com.au/directory/
80004239696,Parish Engineering Company Pty Ltd,Manufacturing,AMTIL,VIC,3189,25,true,false,"","","","","",https://amtil.com.au/directory/
11198205578,Hillmartin Distillery,Manufacturing,NorthLink-FoodMfg,VIC,3090,25,true,false,"","","","","",https://northlink.org.au/melbournes-north-food-group/manufacturer-directory/
52003191302,TELEMETRICS PTY LTD,"",ABR-Search,NSW,2061,25,true,false,"","","","","",""
94001831554,AUTOMATION CONSULTANTS AUSTRALIA PTY LTD,"",ABR-Search,NSW,2067,25,true,false,"","","","","",""
13077637104,Advatek Pty Ltd,Manufacturing,AMTIL,VIC,3153,25,true,false,"","","","","",https://amtil.com.au/directory/
14006988530,Jenera,Manufacturing,AMTIL,VIC,3153,25,true,false,"","","","","",https://amtil.com.au/directory/
47058026314,Laser 3D,Manufacturing,AMTIL,VIC,3173,25,true,false,"","","","","",https://amtil.com.au/directory/
47005126876,Schmalz Australia,Manufacturing,AMTIL,VIC,3153,25,true,false,"","","","","",https://amtil.com.au/directory/
53053413817,Techni Waterjet Pty Ltd,Manufacturing,AMTIL,VIC,3124,25,true,false,"","","","","",https://amtil.com.au/directory/
81066744572,IMTS Machinery,Manufacturing,AMTIL,VIC,3008,25,true,false,"","","","","",https://amtil.com.au/directory/
71080736456,ASHT Pty Ltd,Education/Training,RTO,SA,5000,25,true,false,"","","","","",https://training.gov.au/organisation/details/0137
54050998493,The Suzan Johnston Organization (Aust) Pty Ltd,Education/Training,RTO,VIC,3000,25,true,false,"","","","","",https://training.gov.au/organisation/details/0170
83005063847,Acra Machinery Pty Ltd,Manufacturing,AMTIL,VIC,3175,25,true,false,"","","","","",https://amtil.com.au/directory/
48083423938,IFM Efector,Manufacturing,AMTIL,VIC,3170,25,true,false,"","","","","",https://amtil.com.au/directory/
58006182798,Panelprint Pty Ltd,Manufacturing,AMTIL,VIC,3153,25,true,false,"","","","","",https://amtil.com.au/directory/
67079682661,DECISION MODELLING GROUP PTY LIMITED,"",ABR-Search,NSW,2132,25,true,false,"","","","","",""
68003337611,ABB Australia Pty Ltd,Manufacturing,AMTIL,VIC,2170,25,true,false,"","","","","",https://amtil.com.au/directory/
83069941662,Romheld Automation Pty Ltd,Manufacturing,AMTIL,NSW,2567,25,true,false,"","","","","",https://amtil.com.au/directory/
55813413812,Stahl Engineering,Manufacturing,AMTIL,VIC,3058,25,true,false,"","","","","",https://amtil.com.au/directory/
36003419789,Mobile Welding Services Pty Ltd,Education/Training,RTO,NSW,2765,25,true,false,"","","","","",https://training.gov.au/organisation/details/0485
92056460845,AXT Pty Ltd,Manufacturing,AMTIL,NSW,2102,25,true,false,"","","","","",https://amtil.com.au/directory/
85058316902,Epicor,Manufacturing,AMTIL,NSW,2060,25,true,false,"","","","","",https://amtil.com.au/directory/
36007305231,Invenio Pty Ltd,Manufacturing,AMTIL,VIC,3128,25,true,false,"","","","","",https://amtil.com.au/directory/
24095627005,Precision Specialty Tooling Pty Ltd,Manufacturing,AMTIL,VIC,3074,25,true,false,"","","","","",https://amtil.com.au/directory/
53052214132,Raymax Applications,Manufacturing,AMTIL,NSW,2106,25,true,false,"","","","","",https://amtil.com.au/directory/
51057134522,Shisham Stanley Group,Manufacturing,AMTIL,VIC,3175,25,true,false,"","","","","",https://amtil.com.au/directory/
30080508603,Successful Endeavours Pty Ltd,Manufacturing,AMTIL,VIC,3175,25,true,false,"","","","","",https://amtil.com.au/directory/
37005403350,PNOinsurance,Service Provider,NorthLink-FoodSvc,VIC,3145,25,true,false,"","","","","",https://northlink.org.au/melbournes-north-food-group/service-provider-directory/
76091205211,Integrated Construction Modelling,"",ABR-Search,SA,5022,25,true,false,"","","","","",""
60006224415,Dimac Tooling Pty Ltd,Manufacturing,AMTIL,VIC,3175,25,true,false,"","","","","",https://amtil.com.au/directory/
21006633754,Fischer Plastic Products,Manufacturing,AMTIL,VIC,3170,25,true,false,"","","","","",https://amtil.com.au/directory/
13308821704,MIDAS MODELLING TRUST,"",ABR-Search,VIC,3081,25,true,false,"","","","","",""
42092340700,HUBTEX Australia,Manufacturing,AMTIL,NSW,2765,25,true,false,"","","","","",https://amtil.com.au/directory/
59050242683,Lightwave Technology,Manufacturing,AMTIL,VIC,3153,25,true,false,"","","","","",https://amtil.com.au/directory/
21084315195,Dimattina Coffee,Manufacturing,NorthLink-FoodMfg,VIC,3073,25,true,false,"","","","","",https://northlink.org.au/melbournes-north-food-group/manufacturer-directory/
70063009521,GEM College of International Business (Australia) Pty Ltd,Education/Training,RTO,SA,5082,25,true,false,"","","","","",https://training.gov.au/organisation/details/0366
15084974541,Kemppi Australia Pty Ltd,Manufacturing,AMTIL,NSW,2164,25,true,false,"","","","","",https://amtil.com.au/directory/
60000161106,Colchester Machine Tool Solutions Pty Ltd,Manufacturing,AMTIL,NSW,2147,25,true,false,"","","","","",https://amtil.com.au/directory/
64074228005,Leussink Engineering Pty Ltd,Manufacturing,AMTIL,NSW,2526,25,true,false,"","","","","",https://amtil.com.au/directory/
16021300521,William Buck Pty Ltd,Manufacturing,AMTIL,VIC,2000,25,true,false,"","","","","",https://amtil.com.au/directory/
48005793911,Inductotherm Group Australia,Manufacturing,AMTIL,VIC,3198,25,true,false,"","","","","",https://amtil.com.au/directory/
92001259749,Alumac Industries Pty Ltd,Manufacturing,AMTIL,NSW,2229,25,true,false,"","","","","",https://amtil.com.au/directory/
93050049299,Think: Colleges Pty Ltd,Education/Training,RTO,NSW,2010,25,true,false,"","","","","",https://training.gov.au/organisation/details/0269
51088206197,Hounslow Engineering Pty Ltd,Manufacturing,AMTIL,VIC,3153,25,true,false,"","","","","",https://amtil.com.au/directory/
45070275562,Advanced Cutting Technology Pty Ltd,Manufacturing,AMTIL,VIC,3201,25,true,false,"","","","","",https://amtil.com.au/directory/
51000151351,Bar’s Leaks,Manufacturing,AMTIL,NSW,2229,25,true,false,"","","","","",https://amtil.com.au/directory/
16083521751,CADApps Australia,Manufacturing,AMTIL,VIC,3168,25,true,false,"","","","","",https://amtil.com.au/directory/
14050028209,Efficient Lighting Systems,Manufacturing,AMTIL,VIC,3056,25,true,false,"","","","","",https://amtil.com.au/directory/
94006606515,Machinery Forum (NSW) Pty Ltd,Manufacturing,AMTIL,NSW,2116,25,true,false,"","","","","",https://amtil.com.au/directory/
92275694975,Brampton Sheetmetal Pty Ltd,Manufacturing,AMTIL,VIC,3155,25,true,false,"","","","","",https://amtil.com.au/directory/
12742407221,Norman G Clark (A/Asia) Pty Ltd,Manufacturing,AMTIL,VIC,3081,25,true,false,"","","","","",https://amtil.com.au/directory/
58552536547,Rigby Cooke Lawyers,Manufacturing,AMTIL,VIC,3000,25,true,false,"","","","","",https://amtil.com.au/directory/
91001514889,Unique Tooling,Manufacturing,AMTIL,NSW,2164,25,true,false,"","","","","",https://amtil.com.au/directory/
31052900562,ALLGATE AUTOMATION,"",ABR-Search,NSW,2565,25,true,false,"","","","","",""
32001255312,Coregas,Manufacturing,AMTIL,NSW,2161,25,true,false,"","","","","",https://amtil.com.au/directory/
96082799282,Australian College of the Arts Pty Ltd,Education/Training,RTO,VIC,3066,25,true,false,"","","","","",https://training.gov.au/organisation/details/0109
41082617525,AUTOMATION WORKS PTY LTD,"",ABR-Search,VIC,3204,25,true,false,"","","","","",""
47088359728,Syskim International Pty Ltd,Manufacturing,AMTIL,NSW,2154,25,true,false,"","","","","",https://amtil.com.au/directory/
19008201894,Zeiss Australia,Manufacturing,AMTIL,NSW,5160,25,true,false,"","","","","",https://amtil.com.au/directory/
42076185389,EMBEDDED SOLUTIONS (AUST) PTY. LTD.,"",ABR-Search,VIC,3204,25,true,false,"","","","","",""
67413472774,Caravan Industry Association - Victoria,Manufacturing,NorthLink-MfgPartner,VIC,3003,25,true,false,"","","","","",https://northlink.org.au/melbournes-north-advanced-manufacturing-group/partner-directory/
64000943297,AUTOMATION FEEDING DEVICES PTY LTD,"",ABR-Search,NSW,2141,25,true,false,"","","","","",""
71641326020,SWI Engineering,Manufacturing,AMTIL,VIC,3280,25,true,false,"","","","","",https://amtil.com.au/directory/
41051976035,AUTOMATION COMPONENTS,"",ABR-Search,NSW,2153,25,true,false,"","","","","",""
90006504874,Modelling Training Institute,"",ABR-Search,VIC,3129,25,true,false,"","","","","",""
47004327342,Lovitt Technologies Australia,Manufacturing,AMTIL,VIC,3088,25,true,false,"","","","","",https://amtil.com.au/directory/
90007145520,Edlyn Foods,Manufacturing,NorthLink-FoodMfg,VIC,3076,25,true,false,"","","","","",https://northlink.org.au/melbournes-north-food-group/manufacturer-directory/
25058401693,GRANT MODELLING PTY. LIMITED,"",ABR-Search,NSW,2094,25,true,false,"","","","","",""
13592263875,Sweet By Nature,Manufacturing,NorthLink-FoodMfg,VIC,3081,25,true,false,"","","","","",https://northlink.org.au/melbournes-north-food-group/manufacturer-directory/
49881724827,Whittlesea Food Collective,Service Provider,NorthLink-FoodSvc,VIC,3076,25,true,false,"","","","","",https://northlink.org.au/melbournes-north-food-group/service-provider-directory/
30071163249,Sussex Taps,Manufacturing,NorthLink-MfgPartner,VIC,3061,25,true,false,"","","","","",https://northlink.org.au/melbournes-north-advanced-manufacturing-group/partner-directory/
96065126605,Electric Motor Power Pty Ltd,Manufacturing,AMTIL,VIC,3153,25,true,false,"","","","","",https://amtil.com.au/directory/
84050285731,Whyte Public Relations,Manufacturing,AMTIL,NSW,2065,25,true,false,"","","","","",https://amtil.com.au/directory/
30003723448,Guhring Pty Ltd,Manufacturing,AMTIL,VIC,3170,25,true,false,"","","","","",https://amtil.com.au/directory/
37005285101,Rosebank Engineering Pty Ltd,Manufacturing,AMTIL,VIC,3153,25,true,false,"","","","","",https://amtil.com.au/directory/
94005286215,Hargo Engineering Pty Ltd,Manufacturing,AMTIL,VIC,3136,25,true,false,"","","","","",https://amtil.com.au/directory/
40001786858,Platform GSK,"",ABR-Search,NSW,2009,25,true,false,"","","","","",""
14535659951,embeddedMSP,"",ABR-Search,NSW,2147,25,true,false,"","","","","",""
21850810620,Pressure and Safety Systems,Manufacturing,AMTIL,VIC,3168,25,true,false,"","","","","",https://amtil.com.au/directory/
83357940807,EMBODIED BUILD,"",ABR-Search,VIC,3004,25,true,false,"","","","","",""
61748524226,Relational Modelling & Analysis,"",ABR-Search,NSW,2300,25,true,false,"","","","","",""
12074222549,ICAL,Service Provider,NorthLink-FoodSvc,NSW,2148,25,true,false,"","","","","",https://northlink.org.au/melbournes-north-food-group/service-provider-directory/
51112406696,EMBEDDED ELECTRONICS DESIGN SERVICES,"",ABR-Search,VIC,3336,25,true,false,"","","","","",""
57507607457,The Trustee for the Salvation Army (NSW) Property Trust,Education/Training,RTO,NSW,2150,25,true,false,"","","","","",https://training.gov.au/organisation/details/0328
94093719245,RESOURCE MODELLING ASSOCIATES PTY LIMITED,"",ABR-Search,NSW,2073,25,true,false,"","","","","",""
33094304542,SYSTEMIZE PTY LTD,"",ABR-Search,NSW,2337,25,true,false,"","","","","",""
78094326673,SYSTEMSOLVE PTY LTD,"",ABR-Search,VIC,3149,25,true,false,"","","","","",""
72094238356,SYSTEMNET PTY LIMITED,"",ABR-Search,NSW,2022,25,true,false,"","","","","",""
60094339563,Farley LaserLab Australia,Manufacturing,AMTIL,VIC,3020,25,true,false,"","","","","",https://amtil.com.au/directory/
24094608705,Monash Innovation Labs,Manufacturing,AMTIL,VIC,3051,25,true,false,"","","","","",https://amtil.com.au/directory/
29095309809,EMBEDDED TECHNOLOGIES PTY LTD,"",ABR-Search,VIC,3072,25,true,false,"","","","","",""
68095143481,Renishaw Oceania Pty Ltd,Manufacturing,AMTIL,VIC,3173,25,true,false,"","","","","",https://amtil.com.au/directory/
70084149360,ARBITER MODELING SYSTEMS PTY. LTD.,"",ABR-Search,VIC,3186,25,true,false,"","","","","",""
86035336768,HW Technologies,Manufacturing,AMTIL,NSW,2151,25,true,false,"","","","","",https://amtil.com.au/directory/
14563955163,Align.me,Service Provider,NorthLink-FoodSvc,VIC,3065,24,true,false,"","","","","",https://northlink.org.au/melbournes-north-food-group/service-provider-directory/
68083353995,AERONAUT AUTOMATION PTY LIMITED,"",ABR-Search,NSW,2084,24,true,false,"","","","","",""
95097348055,Arrow Laser Australia Pty Ltd,Manufacturing,AMTIL,VIC,3061,24,true,false,"","","","","",https://amtil.com.au/directory/
97097361898,E-STRUCT BIM ENGINEERING MODELLING,"",ABR-Search,VIC,3199,24,true,false,"","","","","",""
20097402750,PLATFORM DATA,"",ABR-Search,NSW,2000,24,true,false,"","","","","",""
52097769910,Diamond Abrasives Australia,Manufacturing,AMTIL,VIC,3068,24,true,false,"","","","","",https://amtil.com.au/directory/
44098080892,Summers Engineering,Manufacturing,AMTIL,NSW,2100,24,true,false,"","","","","",https://amtil.com.au/directory/
50098767821,Floridia Cheese,Manufacturing,NorthLink-FoodMfg,VIC,3074,24,true,false,"","","","","",https://northlink.org.au/melbournes-north-food-group/manufacturer-directory/
32098747927,The LaserXperts Pty Ltd,Manufacturing,AMTIL,NSW,2484,24,true,false,"","","","","",https://amtil.com.au/directory/
82099070872,Shearform Industries Pty Ltd,Manufacturing,AMTIL,VIC,3175,23,true,false,"","","","","",https://amtil.com.au/directory/
83100587595,BEST PRACTICE MODELING,"",ABR-Search,VIC,3000,23,true,false,"","","","","",""
71046520474,Moka Foods,Manufacturing,NorthLink-FoodMfg,VIC,3026,23,true,false,"","","","","",https://northlink.org.au/melbournes-north-food-group/manufacturer-directory/
96100927848,"Precision Beam, A Division of Ladder Solutions",Manufacturing,AMTIL,NSW,2567,23,true,false,"","","","","",https://amtil.com.au/directory/
30100956232,Plastool,Manufacturing,AMTIL,VIC,3195,23,true,false,"","","","","",https://amtil.com.au/directory/
20083722276,CNC Machinery Sales Australia Pty Ltd,Manufacturing,AMTIL,NSW,2107,23,true,false,"","","","","",https://amtil.com.au/directory/
12272258904,Automated Solutions Australia Pty Ltd,Manufacturing,AMTIL,SA,5068,23,true,false,"","","","","",https://amtil.com.au/directory/
75101783055,AUTOMATION & ENERGY SOLUTIONS PTY LTD,"",ABR-Search,SA,5041,23,true,false,"","","","","",""
13102301922,Calm Aluminium Pty Ltd,Manufacturing,AMTIL,NSW,2566,23,true,false,"","","","","",https://amtil.com.au/directory/
52102319102,Royal Nut Company,Manufacturing,NorthLink-FoodMfg,VIC,3056,23,true,false,"","","","","",https://northlink.org.au/melbournes-north-food-group/manufacturer-directory/
13102455087,ELMO Software,Manufacturing,AMTIL,NSW,2000,23,true,false,"","","","","",https://amtil.com.au/directory/
85102680580,Australian Illustration and Modelling Co. Pty Ltd,"",ABR-Search,NSW,2017,23,true,false,"","","","","",""
62102702714,Rebul Packaging Pty Ltd,Manufacturing,AMTIL,VIC,4106,23,true,false,"","","","","",https://amtil.com.au/directory/
12944860581,Therma-Safe Insulation Industries,Manufacturing,AMTIL,VIC,3977,23,true,false,"","","","","",https://amtil.com.au/directory/
43102807572,Multicam Systems Pty Ltd,Manufacturing,AMTIL,NSW,2322,23,true,false,"","","","","",https://amtil.com.au/directory/
41103164389,Qmani Pty Ltd,Manufacturing,AMTIL,VIC,3101,23,true,false,"","","","","",https://amtil.com.au/directory/
96005125833,Bordo International Pty Ltd,Manufacturing,AMTIL,VIC,3180,23,true,false,"","","","","",https://amtil.com.au/directory/
36103573806,Procal Dairies,Manufacturing,NorthLink-FoodMfg,VIC,3061,23,true,false,"","","","","",https://northlink.org.au/melbournes-north-food-group/manufacturer-directory/
65103611990,EMBEDDED DESIGN AND DISTRIBUTION PTY LTD,"",ABR-Search,NSW,2080,23,true,false,"","","","","",""
85103886308,Jim’s Machines and Accessories,Manufacturing,AMTIL,NSW,2144,22,true,false,"","","","","",https://amtil.com.au/directory/
98183130622,Embodied Therapies,"",ABR-Search,SA,5049,22,true,false,"","","","","",""
34103965411,Data Modelling Agency,"",ABR-Search,NSW,2073,22,true,false,"","","","","",""
46104468091,Metplas Pty Ltd,Manufacturing,AMTIL,NSW,2099,22,true,false,"","","","","",https://amtil.com.au/directory/
76104582489,SYSTEMA GROUP PTY. LTD.,"",ABR-Search,VIC,3189,22,true,false,"","","","","",""
30105036628,DATACALL TELEMETRY PTY LTD,"",ABR-Search,VIC,3500,22,true,false,"","","","","",""
80244850651,JBO Engineering Pty Ltd,Manufacturing,AMTIL,VIC,3137,22,true,false,"","","","","",https://amtil.com.au/directory/
52004791511,ePac Flexible Packaging,Service Provider,NorthLink-FoodSvc,VIC,3065,22,true,false,"","","","","",https://northlink.org.au/melbournes-north-food-group/service-provider-directory/
60005079587,Wallara,Manufacturing,NorthLink-MfgPartner,VIC,3996,22,true,false,"","","","","",https://northlink.org.au/melbournes-north-advanced-manufacturing-group/partner-directory/
46105521453,My Metals Pty Ltd,Manufacturing,AMTIL,NSW,2850,22,true,false,"","","","","",https://amtil.com.au/directory/
31106092068,BusinessHub Pty Ltd,Manufacturing,AMTIL,VIC,3008,22,true,false,"","","","","",https://amtil.com.au/directory/
11106371439,Sheetmetal Machinery Australia Pty Ltd,Manufacturing,AMTIL,VIC,3765,22,true,false,"","","","","",https://amtil.com.au/directory/
88106739584,Ultimate Laser Pty Ltd,Manufacturing,AMTIL,VIC,3175,22,true,false,"","","","","",https://amtil.com.au/directory/
48836338686,AUTOMATION RECRUITMENT,"",ABR-Search,NSW,2095,22,true,false,"","","","","",""
57107937888,AUTOMATION ASAP PTY LTD,"",ABR-Search,VIC,3195,22,true,false,"","","","","",""
58589068697,Embedded Network Services,"",ABR-Search,VIC,3040,22,true,false,"","","","","",""
72108414080,Contact Us,Manufacturing,NorthLink-FoodMfg,VIC,3205,21,true,false,"","","","","",https://northlink.org.au/melbournes-north-food-group/manufacturer-directory/
44109776098,Embedded Logic Solutions Pty Ltd,Manufacturing,"AMTIL,ABR-Search",NSW,2150,21,true,true,109776098,EMBEDDED LOGIC SOLUTIONS PTY. LTD.,"","","",https://amtil.com.au/directory/
12109506970,Fusion5,Manufacturing,AMTIL,VIC,3000,21,true,false,"","","","","",https://amtil.com.au/directory/
51109272602,Smenco Pty Ltd,Manufacturing,AMTIL,VIC,3061,21,true,false,"","","","","",https://amtil.com.au/directory/
53364906235,Barkly Smokehouse,Manufacturing,NorthLink-FoodMfg,VIC,3076,21,true,false,"","","","","",https://northlink.org.au/melbournes-north-food-group/manufacturer-directory/
75110427364,CONTROL & TELEMETRY SOLUTIONS PTY LTD,"",ABR-Search,VIC,3806,21,true,false,"","","","","",""
50111018930,Punchtech Australia Pty Ltd,Manufacturing,AMTIL,VIC,3201,21,true,false,"","","","","",https://amtil.com.au/directory/
49102691332,Systemax,"",ABR-Search,VIC,3170,21,true,false,"","","","","",""
26111466838,Met Optix,Manufacturing,AMTIL,VIC,3138,21,true,false,"","","","","",https://amtil.com.au/directory/
95908559496,Ferguson Plarre,Manufacturing,NorthLink-FoodMfg,VIC,3227,21,true,false,"","","","","",https://northlink.org.au/melbournes-north-food-group/manufacturer-directory/
61632791415,Pixelstorm,Manufacturing,AMTIL,VIC,3121,21,true,false,"","","","","",https://amtil.com.au/directory/
77112815200,BAC Systems Pty Ltd,Manufacturing,AMTIL,NSW,2761,21,true,false,"","","","","",https://amtil.com.au/directory/
18113737616,Concept Design Modelling Pty Ltd,"",ABR-Search,NSW,2072,20,true,false,"","","","","",""
34113829655,Packserv Australia,Manufacturing,AMTIL,NSW,2204,20,true,false,"","","","","",https://amtil.com.au/directory/
68114527132,GP Graders Victoria,Manufacturing,AMTIL,VIC,3149,20,true,false,"","","","","",https://amtil.com.au/directory/
22115127583,Mullins Advisory,Service Provider,NorthLink-FoodSvc,VIC,3084,20,true,false,"","","","","",https://northlink.org.au/melbournes-north-food-group/service-provider-directory/
36115776979,ALLBIZ AUTOMATION PTY LTD,"",ABR-Search,VIC,3033,20,true,false,"","","","","",""
49116337029,AUTOMATION & ROBOTIC TECHNOLOGIES PTY. LTD.,"",ABR-Search,VIC,3153,20,true,false,"","","","","",""
56116420485,SBH Solutions,Manufacturing,AMTIL,SA,5066,20,true,false,"","","","","",https://amtil.com.au/directory/
55116622176,ATLAS AUTOMATION PTY. LTD.,"",ABR-Search,VIC,3165,20,true,false,"","","","","",""
60489235807,Wasteflex,Manufacturing,NorthLink-FoodMfg,VIC,3130,20,true,false,"","","","","",https://northlink.org.au/melbournes-north-food-group/manufacturer-directory/
72079032955,SYSTEMHUB,"",ABR-Search,VIC,3934,20,true,false,"","","","","",""
38118030247,AUTOMATION & PACKAGING PTY LTD,"",ABR-Search,VIC,3051,20,true,false,"","","","","",""
75082334156,Diverseco,Manufacturing,AMTIL,SA,6155,20,true,false,"","","","","",https://amtil.com.au/directory/
94118213111,PLATFORM XXIV PTY LTD,"",ABR-Search,NSW,2044,20,true,false,"","","","","",""
31118563287,SYSTEMONE PTY LTD,"",ABR-Search,NSW,2040,19,true,false,"","","","","",""
56118945725,Freedspace,Manufacturing,AMTIL,VIC,3013,19,true,false,"","","","","",https://amtil.com.au/directory/
67118857042,Embedded SCADA Solutions Pty Ltd,"",ABR-Search,VIC,3636,19,true,false,"","","","","",""
87287760044,Heather Brae Shortbreads,Manufacturing,NorthLink-FoodMfg,VIC,3074,19,true,false,"","","","","",https://northlink.org.au/melbournes-north-food-group/manufacturer-directory/
76573211835,Platform Co Work,"",ABR-Search,VIC,3023,19,true,false,"","","","","",""
32119677431,THE EMBEDDED NETWORKS COMPANY PTY LTD,"",ABR-Search,VIC,3008,19,true,false,"","","","","",""
87119674038,ADVANCED 3D MODELLING,"",ABR-Search,VIC,3205,19,true,false,"","","","","",""
46120000106,FINANCIAL MODELLING ASSOCIATES PTY LIMITED,"",ABR-Search,NSW,2290,19,true,false,"","","","","",""
74120380645,Platform Studios Pty Ltd,"",ABR-Search,VIC,3121,19,true,false,"","","","","",""
58204150061,That's Amore Cheese,Manufacturing,NorthLink-FoodMfg,VIC,3074,19,true,false,"","","","","",https://northlink.org.au/melbournes-north-food-group/manufacturer-directory/
49120731268,Alfex CNC Australia Pty Ltd,Manufacturing,AMTIL,VIC,3074,19,true,false,"","","","","",https://amtil.com.au/directory/
79120779268,MYOB,Manufacturing,AMTIL,VIC,3123,19,true,false,"","","","","",https://amtil.com.au/directory/
76981821520,DROPSHIP PLATFORM,"",ABR-Search,VIC,3165,19,true,false,"","","","","",""
19121458535,Forme Technologies,Manufacturing,AMTIL,VIC,3201,19,true,false,"","","","","",https://amtil.com.au/directory/
89295266986,Risk Strategies,Service Provider,NorthLink-FoodSvc,VIC,3205,19,true,false,"","","","","",https://northlink.org.au/melbournes-north-food-group/service-provider-directory/
85123240362,Central Innovation Pty,Manufacturing,AMTIL,NSW,2073,19,true,false,"","","","","",https://amtil.com.au/directory/
31123409058,Platform Networks,"",ABR-Search,VIC,3000,19,true,false,"","","","","",""
90042341785,The Trustee for Pervasive Telemetry,"",ABR-Search,NSW,2074,19,true,false,"","","","","",""
26123690559,Minitab Pty Ltd,Manufacturing,AMTIL,NSW,2000,19,true,false,"","","","","",https://amtil.com.au/directory/
95122762145,8 Food,Manufacturing,NorthLink-FoodMfg,VIC,3074,19,true,false,"","","","","",https://northlink.org.au/melbournes-north-food-group/manufacturer-directory/
95123746743,Rizo Desserts,Manufacturing,NorthLink-FoodMfg,VIC,3000,19,true,false,"","","","","",https://northlink.org.au/melbournes-north-food-group/manufacturer-directory/
90122411376,EMBEDDED ACCOUNTANTS,"",ABR-Search,NSW,2141,18,true,false,"","","","","",""
13125523024,SYSTEMSHQ PTY LIMITED,"",ABR-Search,NSW,2019,18,true,false,"","","","","",""
15125938276,TA Tools Pty Ltd,Manufacturing,AMTIL,NSW,2161,18,true,false,"","","","","",https://amtil.com.au/directory/
93101989324,AES Environmental,Manufacturing,AMTIL,NSW,2566,18,true,false,"","","","","",https://amtil.com.au/directory/
47127519966,PPC Moulding Services Pty Ltd,Manufacturing,AMTIL,VIC,2163,18,true,false,"","","","","",https://amtil.com.au/directory/
96127945868,Fibre Composites- Add A Bathroom,Manufacturing,AMTIL,SA,5013,18,true,false,"","","","","",https://amtil.com.au/directory/
45129658304,Systema Holdings Pty Limited,"",ABR-Search,NSW,2028,18,true,false,"","","","","",""
34363204809,Eternity Communications,Manufacturing,NorthLink-MfgPartner,VIC,3095,17,true,false,"","","","","",https://northlink.org.au/melbournes-north-advanced-manufacturing-group/partner-directory/
92130146075,PLATFORM BY DESIGNOFFICE,"",ABR-Search,VIC,3066,17,true,false,"","","","","",""
27130175343,Flow Power,Manufacturing,AMTIL,VIC,3122,17,true,false,"","","","","",https://amtil.com.au/directory/
68130170651,AQUA AUTOMATION PTY. LTD.,"",ABR-Search,VIC,3134,17,true,false,"","","","","",""
89130150042,The Threat Modelling Agency,"",ABR-Search,VIC,3461,17,true,false,"","","","","",""
37130946146,Trotec Laser Pty Ltd,Manufacturing,AMTIL,NSW,2557,17,true,false,"","","","","",https://amtil.com.au/directory/
91838927564,Embodied Talk,"",ABR-Search,NSW,2528,17,true,false,"","","","","",""
81131418552,ANCA Motion Pty Ltd,Manufacturing,AMTIL,VIC,3153,17,true,false,"","","","","",https://amtil.com.au/directory/
75130259479,AUTOMATION INNOVATION PTY LTD,"",ABR-Search,VIC,3173,17,true,false,"","","","","",""
38101518898,LMH Holdings Pty Ltd,Manufacturing,AMTIL,VIC,3166,17,true,false,"","","","","",https://amtil.com.au/directory/
99529401512,Ezy Chef Pty Ltd,Manufacturing,NorthLink-FoodMfg,VIC,3047,17,true,false,"","","","","",https://northlink.org.au/melbournes-north-food-group/manufacturer-directory/
14745904491,Partner Directory,Manufacturing,NorthLink-MfgPartner,NSW,2830,17,true,false,"","","","","",https://northlink.org.au/melbournes-north-advanced-manufacturing-group/partner-directory/
31132603304,Recycling Technologies Group,Manufacturing,AMTIL,NSW,2551,17,true,false,"","","","","",https://amtil.com.au/directory/
43132624045,Platform Thai Pty Ltd,"",ABR-Search,NSW,2137,17,true,false,"","","","","",""
57448064854,Design Platform,"",ABR-Search,VIC,3820,17,true,false,"","","","","",""
89045728693,AUTOMATION & INDUSTRIAL SERVICES,"",ABR-Search,SA,5125,17,true,false,"","","","","",""
87134196080,Harrop Engineering Australia Pty Ltd,Manufacturing,AMTIL,VIC,3072,17,true,false,"","","","","",https://amtil.com.au/directory/
63853609310,Embodied Freedom,"",ABR-Search,NSW,2443,17,true,false,"","","","","",""
68135405319,Callington,Manufacturing,AMTIL,NSW,5254,17,true,false,"","","","","",https://amtil.com.au/directory/
35135802087,EMBEDDED DIGITAL DESIGN PTY LTD,"",ABR-Search,VIC,3168,16,true,false,"","","","","",""
68136602947,ORIGIN ENERGY COMMERCIAL EMBEDDED NETWORKS PTY LTD,"",ABR-Search,NSW,2000,16,true,false,"","","","","",""
17136396131,Automation & Robotic Services,Manufacturing,"AMTIL,ABR-Search",VIC,3427,16,true,true,136396131,AUTOMATION & ROBOTIC SERVICES PTY. LTD.,"","","",https://amtil.com.au/directory/
80138442074,AUTOMATION & ENGINEERING SOLUTIONS PTY. LTD.,"",ABR-Search,VIC,3782,16,true,false,"","","","","",""
68138357418,EXPERT WATER MODELLING PTY LTD,"",ABR-Search,NSW,2000,16,true,false,"","","","","",""
70377319761,Bayside Modelling and Casting Agency,"",ABR-Search,VIC,3195,16,true,false,"","","","","",""
29139771967,Systemate,"",ABR-Search,NSW,2463,16,true,false,"","","","","",""
97140210779,Baccara-Geva Australia Pty Ltd,Manufacturing,AMTIL,VIC,3167,16,true,false,"","","","","",https://amtil.com.au/directory/
22140655554,DMG MORI Australia PTY LTD,Manufacturing,AMTIL,VIC,3168,16,true,false,"","","","","",https://amtil.com.au/directory/
44788580054,TXM Lean Solutions Pty Ltd,Manufacturing,AMTIL,VIC,3066,16,true,false,"","","","","",https://amtil.com.au/directory/
31859128803,Bluesilver Promotions,Service Provider,NorthLink-FoodSvc,VIC,3049,15,true,false,"","","","","",https://northlink.org.au/melbournes-north-food-group/service-provider-directory/
32143037361,Modelling Shoot,"",ABR-Search,NSW,2745,15,true,false,"","","","","",""
77689458504,Austco Polar Cold Storage,Service Provider,NorthLink-FoodSvc,VIC,3026,15,true,false,"","","","","",https://northlink.org.au/melbournes-north-food-group/service-provider-directory/
64143151768,Cape Group,Service Provider,NorthLink-FoodSvc,VIC,3004,15,true,false,"","","","","",https://northlink.org.au/melbournes-north-food-group/service-provider-directory/
61942040462,Advanced Demographic Modelling,"",ABR-Search,VIC,3056,15,true,false,"","","","","",""
84358577040,JUST EMBEDDED SOLUTIONS,"",ABR-Search,VIC,3155,15,true,false,"","","","","",""
79144479890,Automation SA Pty Ltd,"",ABR-Search,SA,5066,15,true,false,"","","","","",""
92144914401,Ensitech Pty Ltd,Manufacturing,AMTIL,NSW,2750,15,true,false,"","","","","",https://amtil.com.au/directory/
90145225485,EMBEDDED NETWORK CONSULTANTS,"",ABR-Search,VIC,3168,15,true,false,"","","","","",""
20146743900,Axelent Australia,Manufacturing,AMTIL,SA,5039,15,true,false,"","","","","",https://amtil.com.au/directory/
64549300673,systemise,"",ABR-Search,NSW,2103,15,true,false,"","","","","",""
96147619958,Automation Now Pty Ltd,"",ABR-Search,VIC,3083,15,true,false,"","","","","",""
22982354025,EMBODIED FEMME,"",ABR-Search,NSW,2483,15,true,false,"","","","","",""
41150994933,SugarCRM Australia Pty Ltd,Manufacturing,AMTIL,NSW,2060,14,true,false,"","","","","",https://amtil.com.au/directory/
27151371498,Integra Systems,Manufacturing,AMTIL,VIC,3047,14,true,false,"","","","","",https://amtil.com.au/directory/
51120493585,SYSTIMA PTY LTD,"",ABR-Search,VIC,3066,14,true,false,"","","","","",""
24713073470,PLATFORM 28,"",ABR-Search,VIC,3008,14,true,false,"","","","","",""
14151312613,ELGi Equipments,Manufacturing,AMTIL,NSW,2148,14,true,false,"","","","","",https://amtil.com.au/directory/
12219766767,The Embodied Breath,"",ABR-Search,VIC,3141,14,true,false,"","","","","",""
89154093366,Kraftech Australia,Manufacturing,AMTIL,NSW,2212,14,true,false,"","","","","",https://amtil.com.au/directory/
95891827019,KIIRO FINANCIAL MODELLING,"",ABR-Search,VIC,3148,14,true,false,"","","","","",""
13154671333,Document Modelling Pty Ltd,"",ABR-Search,NSW,2095,14,true,false,"","","","","",""
67137890049,Bodacious Coffee,Manufacturing,NorthLink-FoodMfg,VIC,3152,14,true,false,"","","","","",https://northlink.org.au/melbournes-north-food-group/manufacturer-directory/
86306281169,GEM Uniform Services,Service Provider,NorthLink-FoodSvc,NSW,2137,14,true,false,"","","","","",https://northlink.org.au/melbournes-north-food-group/service-provider-directory/
35155582746,Embedded Intellect Pty Ltd,"",ABR-Search,NSW,2037,14,true,false,"","","","","",""
46155805913,Platform 383 Pty Ltd,"",ABR-Search,VIC,3000,13,true,false,"","","","","",""
44155984179,PLATFORM 23 PTY. LTD.,"",ABR-Search,VIC,3129,13,true,false,"","","","","",""
68717264122,AUTOMATION INTEGRATION ELECTRICS,"",ABR-Search,VIC,3082,13,true,false,"","","","","",""
52157997012,OPTIMISED FINANCIAL MODELLING PTY LTD,"",ABR-Search,VIC,3089,13,true,false,"","","","","",""
77158345834,Austral Wright Metals Pty Ltd,Manufacturing,AMTIL,NSW,2164,13,true,false,"","","","","",https://amtil.com.au/directory/
11158413524,Applied Machinery Australia Pty Ltd,Manufacturing,AMTIL,VIC,3175,13,true,false,"","","","","",https://amtil.com.au/directory/
50158645802,AMPED AUTOMATION PTY LTD,"",ABR-Search,NSW,2100,13,true,false,"","","","","",""
79159285006,Euromac Australia,Manufacturing,AMTIL,SA,5253,13,true,false,"","","","","",https://amtil.com.au/directory/
17159624576,SYSTEMISR PTY LIMITED,"",ABR-Search,NSW,2038,13,true,false,"","","","","",""
32159715358,CREATIVE PLATFORM PTY LTD,"",ABR-Search,NSW,2060,13,true,false,"","","","","",""
12160062288,CMR STRUCTURAL 3D MODELLING PTY LTD,"",ABR-Search,VIC,3754,13,true,false,"","","","","",""
55160327346,Textured Concept Foods,Manufacturing,NorthLink-FoodMfg,VIC,3061,13,true,false,"","","","","",https://northlink.org.au/melbournes-north-food-group/manufacturer-directory/
12160381439,EMBEDDED PROJECT ENGINEERING PTY LTD,"",ABR-Search,NSW,2286,13,true,false,"","","","","",""
91160701717,PLATFORM SPORTS PTY LTD,"",ABR-Search,VIC,3156,13,true,false,"","","","","",""
15161169151,IntelliStrata Platform,"",ABR-Search,VIC,3064,13,true,false,"","","","","",""
58114574515,Kaishan Australia Pty Ltd,Manufacturing,AMTIL,VIC,3173,13,true,false,"","","","","",https://amtil.com.au/directory/
46161873687,Mescon Pty Ltd,Manufacturing,AMTIL,VIC,3192,13,true,false,"","","","","",https://amtil.com.au/directory/
71162676440,SEVAAN Group Pty Ltd,Manufacturing,AMTIL,NSW,2144,12,true,false,"","","","","",https://amtil.com.au/directory/
66571493753,Reservoir Neighbourhood House,Service Provider,NorthLink-FoodSvc,VIC,3073,12,true,false,"","","","","",https://northlink.org.au/melbournes-north-food-group/service-provider-directory/
33162884077,TELEMETRIX PTY LTD,"",ABR-Search,VIC,3174,12,true,false,"","","","","",""
34163243641,Livetools Pty Ltd,Manufacturing,AMTIL,NSW,2294,12,true,false,"","","","","",https://amtil.com.au/directory/
96163318045,Leading Edge Energy,Service Provider,NorthLink-FoodSvc,NSW,2000,12,true,false,"","","","","",https://northlink.org.au/melbournes-north-food-group/service-provider-directory/
19163401081,evok3d.com Pty Ltd,Manufacturing,AMTIL,VIC,3122,12,true,false,"","","","","",https://amtil.com.au/directory/
36164197031,Heighton,Service Provider,NorthLink-FoodSvc,VIC,3451,12,true,false,"","","","","",https://northlink.org.au/melbournes-north-food-group/service-provider-directory/
76131318084,Platform Realty,"",ABR-Search,NSW,2067,12,true,false,"","","","","",""
28164567677,AUTOMATION ENGINEERING SERVICES PTY LTD,"",ABR-Search,NSW,2101,12,true,false,"","","","","",""
91111216365,Modelling Academy,"",ABR-Search,VIC,3121,12,true,true,111216365,AUSTRALIAN ACADEMY OF MODELLING PTY LTD,"","","",""
26164348083,Wine In A Glass,Manufacturing,NorthLink-FoodMfg,VIC,3076,12,true,false,"","","","","",https://northlink.org.au/melbournes-north-food-group/manufacturer-directory/
16164419318,The Automation Co.,"",ABR-Search,NSW,2251,12,true,false,"","","","","",""
22980129219,Closed Systems,"",ABR-Search,VIC,3212,12,true,false,"","","","","",""
56681105830,Embodied Focus,"",ABR-Search,VIC,3016,12,true,false,"","","","","",""
78165458891,Flexikitch,Service Provider,NorthLink-FoodSvc,VIC,3056,12,true,false,"","","","","",https://northlink.org.au/melbournes-north-food-group/service-provider-directory/
73166070711,KNAPP Australia,Manufacturing,AMTIL,VIC,3195,12,true,false,"","","","","",https://amtil.com.au/directory/
51164839061,GPT PLATFORM PTY LIMITED,"",ABR-Search,NSW,2000,12,true,false,"","","","","",""
66166882391,Avant Group,Manufacturing,AMTIL,VIC,3144,12,true,false,"","","","","",https://amtil.com.au/directory/
25260394115,EMBODIED BEING,"",ABR-Search,VIC,3931,12,true,false,"","","","","",""
96167021301,AUTOMATION SOLUTIONS & ROBOTICS PTY LTD,"",ABR-Search,VIC,3910,12,true,false,"","","","","",""
98167316289,KUKA Robotics Australia Pty Ltd,Manufacturing,AMTIL,VIC,3178,12,true,false,"","","","","",https://amtil.com.au/directory/
52167323319,AUTOMATION SQUARED PTY LTD,"",ABR-Search,NSW,2207,12,true,false,"","","","","",""
91167544630,Ottotech Services Pty Ltd,Manufacturing,AMTIL,NSW,2095,12,true,false,"","","","","",https://amtil.com.au/directory/
32326177411,MNAMG,Manufacturing,NorthLink-FoodMfg,NSW,2145,12,true,false,"","","","","",https://northlink.org.au/melbournes-north-food-group/manufacturer-directory/
47168107382,VEMCO TELEMETRY AUSTRALIA PTY LIMITED,"",ABR-Search,NSW,2000,12,true,false,"","","","","",""
57538678280,131 132,Service Provider,NorthLink-FoodSvc,SA,5068,11,true,true,"",OTR 131 PTY LTD & OTR 132 PTY LTD,"","","",""
84168376538,Bilby 3D,Manufacturing,AMTIL,NSW,2208,11,true,false,"","","","","",https://amtil.com.au/directory/
85168410482,Healthy Food Crew,Manufacturing,NorthLink-FoodMfg,VIC,3076,11,true,false,"","","","","",https://northlink.org.au/melbournes-north-food-group/manufacturer-directory/
73168619494,APTA AUTOMATION PTY. LTD.,"",ABR-Search,VIC,3195,11,true,false,"","","","","",""
35168393280,Factory Technologies Pty Ltd,Manufacturing,AMTIL,NSW,2065,11,true,false,"","","","","",https://amtil.com.au/directory/
77275180963,AUTOMATION ROBOTICS COLLEGE,"",ABR-Search,VIC,3134,11,true,false,"","","","","",""
66548336550,Vector Financial Modelling,"",ABR-Search,NSW,2535,11,true,false,"","","","","",""
18056622907,Brand Platform,"",ABR-Search,VIC,3101,11,true,false,"","","","","",""
53169211876,MODELING RESOURCES PTY. LTD.,"",ABR-Search,NSW,2800,11,true,false,"","","","","",""
92366789741,Henry Bros Saws (Aust),Manufacturing,AMTIL,NSW,2757,11,true,false,"","","","","",https://amtil.com.au/directory/
56169581202,Michaelona Flavours & Fragrances,Manufacturing,NorthLink-FoodMfg,VIC,3934,11,true,false,"","","","","",https://northlink.org.au/melbournes-north-food-group/manufacturer-directory/
97829456623,TRJ Engineering Pty Ltd,Manufacturing,AMTIL,VIC,3006,11,true,false,"","","","","",https://amtil.com.au/directory/
33165666811,Balluff Pty Ltd,Manufacturing,AMTIL,VIC,3153,11,true,false,"","","","","",https://amtil.com.au/directory/
48824716277,Olympian Foods,Manufacturing,NorthLink-FoodMfg,VIC,3074,11,true,false,"","","","","",https://northlink.org.au/melbournes-north-food-group/manufacturer-directory/
35600371917,AKA SYSTEMS PTY LTD,"",ABR-Search,NSW,2232,11,true,false,"","","","","",""
87600066386,PLATFORM ARCHITECTS PTY LTD,"",ABR-Search,NSW,2095,11,true,false,"","","","","",""
77679257547,Stamac Engineering,Manufacturing,AMTIL,VIC,3978,11,true,false,"","","","","",https://amtil.com.au/directory/
93167018117,Koenig Machinery Pty Ltd,Manufacturing,AMTIL,VIC,3061,11,true,false,"","","","","",https://amtil.com.au/directory/
52360739487,WMSSoft Pty Ltd,Manufacturing,AMTIL,VIC,3806,11,true,false,"","","","","",https://amtil.com.au/directory/
33976192005,Evaryde,Manufacturing,NorthLink-FoodMfg,VIC,3064,11,true,false,"","","","","",https://northlink.org.au/melbournes-north-food-group/manufacturer-directory/
69602435129,THE PLATFORM NEWCASTLE PTY LTD,"",ABR-Search,NSW,2293,11,true,false,"","","","","",""
80602635254,PLATFORM LEGAL PTY LTD,"",ABR-Search,VIC,3124,11,true,false,"","","","","",""
86602736158,AUTOMATION INDUSTRIES PTY LTD,"",ABR-Search,NSW,2322,11,true,false,"","","","","",""
45603304972,JPA FINANCIAL MODELLING,"",ABR-Search,VIC,3000,11,true,false,"","","","","",""
98601664582,EMBEDDED NETWORK SERVICE PROVIDER,"",ABR-Search,VIC,3004,11,true,false,"","","","","",""
58603587300,SISTEMOS GROUP PTY LTD,"",ABR-Search,SA,5073,11,true,false,"","","","","",""
84604253652,ABU Engineering Pty Ltd,Manufacturing,AMTIL,VIC,3175,11,true,false,"","","","","",https://amtil.com.au/directory/
18535696743,John Hart Pty Ltd,Manufacturing,AMTIL,VIC,4226,10,true,false,"","","","","",https://amtil.com.au/directory/
12604425443,EMBEDDED SOLUTIONS PTY LTD,"",ABR-Search,NSW,2208,10,true,false,"","","","","",""
57604596625,Omega Manufacturing Group Pty Ltd,Manufacturing,AMTIL,VIC,3690,10,true,false,"","","","","",https://amtil.com.au/directory/
65604869258,Innovync Pty Ltd,Manufacturing,AMTIL,NSW,2148,10,true,false,"","","","","",https://amtil.com.au/directory/
46605134772,Ontime Group,Service Provider,NorthLink-FoodSvc,NSW,2142,10,true,false,"","","","","",https://northlink.org.au/melbournes-north-food-group/service-provider-directory/
36605660428,AIDED MODELING WITH DESIGN PTY LIMITED,"",ABR-Search,NSW,2229,10,true,false,"","","","","",""
59606327836,Platform 177,"",ABR-Search,VIC,3015,10,true,false,"","","","","",""
63605153473,Hi-Tech Metrology Pty Ltd,Manufacturing,AMTIL,VIC,3803,10,true,false,"","","","","",https://amtil.com.au/directory/
94606930385,62 Platform,"",ABR-Search,NSW,2020,10,true,false,"","","","","",""
14607250359,Range Workforce Solutions,Service Provider,NorthLink-FoodSvc,NSW,2170,10,true,false,"","","","","",https://northlink.org.au/melbournes-north-food-group/service-provider-directory/
21607559017,SYSTEMISE PTY LTD,"",ABR-Search,NSW,2103,10,true,false,"","","","","",""
31881983806,THE TRUSTEE FOR NATIONAL EMBEDDED NETWORKS UNIT TRUST,"",ABR-Search,VIC,3190,10,true,false,"","","","","",""
51441184002,Yarrambat Estate,Manufacturing,NorthLink-FoodMfg,VIC,3000,10,true,false,"","","","","",https://northlink.org.au/melbournes-north-food-group/manufacturer-directory/
18565091730,Platform Conference,"",ABR-Search,SA,5006,10,true,false,"","","","","",""
56875549985,The Trustee for National Embedded Networks #2 Unit Trust,"",ABR-Search,VIC,3190,10,true,false,"","","","","",""
60608797379,EMBEDDED BUSINESS SOLUTION PTY. LTD.,"",ABR-Search,VIC,3030,10,true,false,"","","","","",""
46609018797,EMBEDDED SYSTEMS SOLUTIONS PTY LTD,"",ABR-Search,VIC,3038,10,true,false,"","","","","",""
72609108312,AMCS Group,Manufacturing,AMTIL,NSW,2072,10,true,false,"","","","","",https://amtil.com.au/directory/
90608810377,AUDIO VISUAL AUTOMATION,"",ABR-Search,VIC,3136,10,true,false,"","","","","",""
46609245981,Platform Finance,"",ABR-Search,NSW,2060,10,true,false,"","","","","",""
80609336843,MCHND,Manufacturing,AMTIL,SA,5000,10,true,false,"","","","","",https://amtil.com.au/directory/
43781613568,ADVANTAGE AUTOMATION,"",ABR-Search,VIC,3145,10,true,false,"","","","","",""
49609729133,Shearasun Brewing Co,Manufacturing,NorthLink-FoodMfg,VIC,3660,10,true,false,"","","","","",https://northlink.org.au/melbournes-north-food-group/manufacturer-directory/
14787393717,Chic & Elegant Modelling Academy,"",ABR-Search,NSW,2164,10,true,false,"","","","","",""
53610184775,AGILE AUTOMATION PTY LTD,"",ABR-Search,NSW,2293,10,true,false,"","","","","",""
85862207245,EMBODIED HEALTH,"",ABR-Search,VIC,3071,10,true,false,"","","","","",""
82608714772,Embodied Literacies,"",ABR-Search,NSW,2060,10,true,false,"","","","","",""
45610778491,Prytec Solutions Pty Ltd,Manufacturing,AMTIL,VIC,3023,10,true,false,"","","","","",https://amtil.com.au/directory/
15610813548,LOOP PLATFORM PTY LTD,"",ABR-Search,VIC,3008,10,true,false,"","","","","",""
